link_text,full_url
Get the report →,https://www.jobnimbus.com/peak-performance
Sign In,https://app.jobnimbus.com
"PaymentsCollect fast, secure payments with ease.",https://www.jobnimbus.com/product/payments
MeasurementsOrder precise roof measurements for any job.,https://www.jobnimbus.com/product/measurements
"MobileManage jobs, photos, teams and more from anywhere.",https://www.jobnimbus.com/product/mobile
InsightsVisualize trends and stats with custom reports.,https://www.jobnimbus.com/product/insights
FinancingOffer simple financing options to close more jobs.,https://www.jobnimbus.com/product/financing
"InvoicingQuickly create, send, and track accurate invoices.",https://www.jobnimbus.com/product/invoicing
Profit TrackerSee real-time job profits and cost breakdowns.,https://www.jobnimbus.com/product/profit-tracker
AssistAINever miss a phone call again—ever.,https://www.jobnimbus.com/product/assistai
IntegrationsConnect JobNimbus with your favorite tools.,https://www.jobnimbus.com/integrations
"EstimatesCreate fast, accurate estimates every time.",https://www.jobnimbus.com/estimates
See all features,https://www.jobnimbus.com/product
"SalesEmpower your sales team with one-click estimates, professional proposals, and more.",https://www.jobnimbus.com/sales
"CommunicationsGet 5-stars for communication with integrated text messaging, email, and Caller ID.",https://www.jobnimbus.com/communication
ProductionOrder materials direct from your suppliers and manage production from start to finish.,https://www.jobnimbus.com/solutions/production
"BillingCollect payments via text message and apply for financing, all while syncing with QuickBooks.",https://www.jobnimbus.com/billing
"Pro ServicesGet focused help to set up your account, identify key areas for growth, and train your team.",https://www.jobnimbus.com/pro-services
RoofingThe #1 all-in-one platform for roofing contractors (4.8 stars with over 4000 reviews and counting).,https://www.jobnimbus.com/industries/roofing-software
"SidingA complete business in a box for siding contractors, we have everything your team needs.",https://www.jobnimbus.com/industries/siding-software
GuttersThere's no better way to run your gutter business than an all-in-one platform built for your team.,https://www.jobnimbus.com/industries/gutter-software
"FencingFrom start to finish, JobNimbus gives fence contractors everything they need to grow their business.",https://www.jobnimbus.com/industries/fence-software
"BlogYour guide to the contractor's galaxy. Find helpful tips, best practices, and more.",https://www.jobnimbus.com/blog
EventsWe're going places and talking about cool things. Come with us.,https://www.jobnimbus.com/events
"Free ResourcesEstimate templates, roofing contracts, and other free tools to help contractors of all levels.",https://www.jobnimbus.com/tools
Product SupportOur support team is the best in the business and will help you with all your JobNimbus questions.,https://www.jobnimbus.com/support
Pricing,https://www.jobnimbus.com/pricing
Start a trial,https://www.jobnimbus.com/trial-signup
or continue to web app,https://app.jobnimbus.com/login.aspx
ABC Supply Integration,https://www.jobnimbus.com/integrations/abc
Updates,https://product.jobnimbus.com/
Demo,https://www.jobnimbus.com/demo
– Solution Summit,https://www.jobnimbus.com/events/solution-summit
Status,https://status.jobnimbus.com/?_gl=1*8iz7nc*_gcl_au*MTk3MDg4NTczNC4xNzM4MDE5OTIx
About Us,https://www.jobnimbus.com/about
Customer Stories,https://www.jobnimbus.com/customer-stories
Press,https://www.jobnimbus.com/category/press
Careers,https://www.jobnimbus.com/careers
Contact,https://www.jobnimbus.com/contact
Referral Program →,https://www.jobnimbus.com/referrals
Privacy Policy,https://www.jobnimbus.com/privacy-policy
Terms of Service,https://www.jobnimbus.com/terms
