name,region,review,stars
Tracie,,,4
valued customer,,,5
valued customer,,,3
James,,,3
Margarita,US,There’s no one to train and no calls or… - There’s no one to train and no calls or emails back,1
Ron,US,"Great Company - Jorel was fantastic, very informative and willing to spend as much time as I needed to be comfortable and knowledgeable as I can be with the system.",5
Chad,US,Megan Hill is simply awesome - Megan Hill is simply awesome. Megan really helped and made the integration process a breeze.,5
Michael,US,Excellent - Superb does CRM I’ve ever researched or used,5
valued customer,US,This has been the best way to keep… - This has been the best way to keep track of our jobs and stay organized.,5
Joe,US,"Smooth onboarding - Smooth onboarding, very helpful, and well prices!",5
Joseph,US,You were great and easy to work with - You were great and easy to work with. Thank you!,5
Priscilla,US,"JobNimbus Services and Staff 5 Gold Stars - Not only does JobNimbus' services/products sell themselves, the staff are incredibly helpful in helping set everything up.",5
Tom Prince,US,"Huge let down in service. - I have been with Job Nimbus now for a couple months and so far, am very disappointed. The onboarding process was very unorganized and felt rushed. I paid for the year subscription up front to take advantage of the savings and not now feel that was a big mistake. Once the onboarding is done from their standpoint it's like they don't care at all anymore. The Job Nimbus rep was unprepared for several of the meetings which made them a waste of time. Our contracts were not set up properly and there are constant glitches with the system. What was meant to simplify our process has only made things worse. If i had to do over I would have gone a different direction.",1
Ken Cope,US,Can never get support by phone and… - Can never get support by phone and about 50% of the time via chat.  Lots of great features but the training videos are outdated so can't learn how to use them.  Every time I ask for more training I am told that I had my onboarding call and I don't get any more.  Can't wait to find another software!!!!!,2
Ryan Dority,US,"JobNimbus is a scam underneath all of… - JobNimbus is a scam underneath all of the flash. I was excited when I signed up for JobNimbus but came to realize about three months in it was one big scam. Their templates don't work for contracts. Their salesman told me first 3 months 50% off and proceeded to charge me for the first month and claimed it was months 2-4 50% off. He also charged me for a subscription at a higher price we didn't discuss. After all of this, when I tried to cancel my subscription they attempted to continue to charge my credit card countless times and claimed ""you must cancel your subscription TWO weeks prior to it ending."" Who does this other than a scam company that wants to nickel and dime you every chance they get? I'm glad I didn't give them all of my data, who knows if they would've held it hostage. Truly a shame! I was looking forward to using their product. One big scam.",1
Zach,US,Combining Report Columns - Make it so I can combine the columns in the invoice report with the columns in the contact report. Acculynx allows the user to do it,1
Ryan Gonzales,US,"Upgrade your business processes with JobNimbus - Or company had used JobNimbus for the last 2 years and it has greatly increased or ease of operations with job site inspections and organization! It roof inspection prices has been made much easier with photo sharing and I see upcoming changes that will continue to make their platform even more use friendly. Also, I have attended a JobNimbus crew event and it was very informative. I highly recommend this CRM, as they say it will make you a ""hero contractor""",5
jim,US,my request was obvious and simple but… - my request was obvious and simple but still unauthorized to go around from my end. never solved,1
Eric Connelly,US,Navigation issue resolved - Cust support was able to resolve my issue quickly,5
David Kennel,US,"Awesome job! - Sorry, I'm busy. I know whatever I needed was resolved quickly. Thank you!",5
Jake,US,Going great! - So far so good! Lexie Littledike was a great trainer for our onboarding process and all around tremendous!! Very knowledgeable and answered all of our questions with ease!,5
valued customer,US,QuickBooks Integration - Our representative was very knowledgable and helpful.,5
Adam Clements,US,"Not user friendly - The ""calendar"" is a mess. It's not user friendly and it's difficult to look at.",1
Ron,US,Why am I paying for a program I cannot… - Why am I paying for a program I cannot use until my on boarding has taught me enough to use it,1
Tracie,,,4
valued customer,,,5
valued customer,,,3
James,,,3
Luis,MX,Great love the app./,5
Monica,US,Onboarding was excellent! - There were many onboarding calls each with separate info to learn so it was not too overwhelming. All of the onboarding specialists were very helpful and friendly.,5
JR,US,"JobNimbus doesn't compare to Contractors Cloud. - We have used Contractors Cloud for 8 years before migrating to JN with the expectation the automation and communication would streamline our operations and overall effectiveness. Headache, stress, lack of response, buggy as s@8t, no way to easily track per job P&L! It does have a few features that keep it out of the 1star category, but it's not worth double the cost and 10x the headache. Beacon/SRS integrations are not all they could be.  That was a selling point and after 4 months, the pricing is still not accurate, so I have to work with Beacon people to get that fixed, time and time again. They certainly spent a lot of time and effort to bring in SumoQuote, to the detriment of existing JN users and support.  They even stated they have redirected support resources to the integration. Like another review said, I feel I'm always in Beta mode.",2
Dwight,US,new client - We are a new client of Job Nimbus.  Hope program changes our business,5
Jhon,US,Technical support too long to respond… - Technical support too long to respond and they do not solve anything.,3
Debbie,US,Easy Syncing Process - Aaron was very helpful in getting Quick Books and Jobnimbus synced. It was a very smooth process.,5
Brandon,US,No bueno!! - Do yourself a favor and get Acculynx even if it costs more. Jobnimbus is not user friendly and has less functionality. Maybe if someone from the company offered to train users on their product I might see the benefits but that hasn’t happened.,1
Rob,US,"Love almost everything - Love everything as far as a CRM goes….But i would have given a 4 star for some things like- Need pictures to work as easy as company cam. Yes, i know you acquired them. You need a better payment processing system (ACH in 1 day) and you need a good phone system like Podium. Engage was very Laggy so we turned it off. You need to make sure the phone and text are quick to go through.",5
Nicole,US,"Disappointing Experience with Job… - Disappointing Experience with Job Nimbus - Limited Features and No Refund Policy. I recently had a less-than-pleasant experience with Job Nimbus, a CRM software that my company purchased based on their assurance that it would meet our needs. Unfortunately, our decision to trust their recommendation and bypass the free trial has proven to be a costly mistake. Within two weeks of making the annual upfront payment, we discovered that Job Nimbus lacked critical features essential to our business, notably the inability to generate a good, better, best quote—a fundamental requirement for our operations. This limitation, among others, severely hindered the software's functionality for our company. Upon realizing that Job Nimbus was not the solution we had hoped for, we promptly contacted the company requesting a refund for the unused months. Despite our genuine dissatisfaction and the fact that we had barely scratched the surface of their service, they declined to offer any refund. While I understand that terms and conditions may exist, it's disheartening to find out after the fact that we were expected to navigate through them diligently. We were not directed to review the terms and conditions during the purchasing process, which I believe is a lapse in communication and transparency on Job Nimbus's part. This lack of flexibility and understanding from Job Nimbus has left us not only with a software that doesn't meet our needs but also with a sense of frustration and disappointment in their customer service. It's disappointing to see a company prioritize their terms and conditions over customer satisfaction and goodwill. I hope this review serves as a cautionary tale for others considering Job Nimbus. I would strongly advise potential customers to thoroughly review the terms and conditions, and perhaps even reconsider using a company that is not willing to work with customers to find a satisfactory resolution. Transparency and customer-centric policies should be at the forefront of any business, and unfortunately, in our experience, Job Nimbus falls short in these aspects.",1
Scott,US,"Nick came prepared - Nick came prepared, he is well versed on the platform and he was able to listen, understand and help create a solution that works for us. We are very excited to roll this out to our company.",5
Anthony,US,"Making our transition from one CRM to another Siper easy - Job Nimbus has been super responsive and user friendly to get started, they are even assisting us in getting info saved from our previous CRM.",5
Ann Erramouspe,US,Amazing customer service! - We love the customer service that JobNimbus provides!,5
Tanner,US,Great CRM!! - Great CRM!!! Very easy to use and figure out on your own. They do have a very good YouTube channel to help you through setting it up best for your use.,5
Alexie,US,"Can't get ahold of people - Can't get ahold of people, wait a week to get an answer.",2
Ryan,US,So far so good....we only just begun to… - So far so good....we only just begun to figure out how to use the program.  We are hopeful that it will do everything we've heard it will!,5
Terry,US,Helpful Satff - I love reaching out and always getting answers to my questions. Thank you ;),5
Mike Fast,CA,We're really liking JobNimbus!,5
Erik,US,Not A One Stop Shop - Decent CRM but terrible at project management which is a bit disappointing given the very high monthly cost. There are no gantt charts or other basic project management tools which means we have to use different software and duplicate data entry.,3
Richard,US,JobNimbus is amazing - JobNimbus is the best tool to stay organized and productive as a team in construction.  Also their support is the absolute best!  I have been the IT manager using them for almost 5 years and I highly recommend them!,5
Lyanne,US,I don't like that you charge your… - I don't like that you charge your clients extra for training on how to use a CRM that they already pay you for,1
Tracie,,,4
valued customer,,,5
valued customer,,,3
James,,,3
Brad,US,"No basic notifications of when messages… - No basic notifications of when messages (notes/tasks) are assigned on the desktop? Really? Also, no note threads? Again really? Users need to be able to comment back to each other on a note or task.",3
Jon,US,We are paying for a subscription to use… - We are paying for a subscription to use your service and it's very unprofessional to look at pop ups when you're sitting next to a customer inputting their personal information and ads are popping up. It ruins the whole relationship,1
Daniel,US,Great product - I love JobNimbus,5
Shawn,US,"System is not stable on Android, - System is not stable on Android, Lack of updates and sometimes very lagging, it was not from phone or provider as I tested other systems.",2
Brendan,US,"Terrible interface - Terrible interface, not userfriendly",1
Tamra,US,Great Customer Service - Mickey was amazing. Quite helpful and friendly.,5
T.B.,US,Great CRM and very user friendly!,5
Dennis,US,"JobNimbus has been helpful keeping… - JobNimbus has been helpful keeping track of clients, appointments and tasks.",5
Jennifer,US,AMI Builders - I like the way the system is set up.,5
Brian,US,"Helps us stay organized - Helps us stay organized. Really improves our efficiency, and numbers follow.  I wish the back button took you back to the previous screens like other sites do, but everything can't be perfect.",4
Ryan,US,I love it it makes it easy to do… - I love it it makes it easy to do business,5
Amanda,US,Happy & Satisfied - Useful CRM for the business I work in.,5
Eric,US,No live chat or forum to talk directly… - No live chat or forum to talk directly with.,3
Bret Stinson,US,"Next Level - We have grown past the point of pen & paper and using the “old school” methods. Once we started installing more than 6 roofs a week, there was no way. We needed help!! JobNimbus not only allowed us to service our customers better and our current pace, but enabled us to spring board into even more growth. We now install 12-14 roofs a week and I won’t say it’s easy, but there is NO WAY we could be doing the volume that we’re doing without them or their services. Thank You JobNimbus Bret Stinson Roof Masters / Owner",5
James,US,"Great Project Management Tool, Poor Cost Accounting! - I'm giving you 3 stars not because your program isn't good.  For what it does, in data collection, preparing estimates, to jobs, closing jobs and invoicing is all great.  I am a cost accountant, and for me the system lacks the ability to identify jobs by job number.  It also can not accumulate the costs incurred on any one project.  This I see as a weakness in the system.  But as far as a project management tool, its great.",3
Apex,US,Seamless - Seamless. Thanks JN,5
Amber,US,I prefer the android version vs Apple - I prefer the android version vs Apple. I don’t even enjoy issuing the one on my iPhone. It is all over the place. I do like the computer version.,2
Joe,US,I can't help but to love it - I can't help but to love it. The best i have found.,5
David,US,I use it everyday it's better then most… - I use it everyday it's better then most sometimes but can be difficult.,4
Joey,US,"Easy to use - Easy to use, easy to customize and a great way to organize jobs and contacts.",5
Tracie,,,4
valued customer,,,5
valued customer,,,3
James,,,3
Donny,US,Project Manager - Great platform,5
Ryan,US,Why don’t you have an app?? - Why don’t you have an app??? It’s dumb and makes things so much harder than it has to be in the field.,1
Cory,CA,"App sux - App sux, can't do what I need to",2
Cam,US,Ehhhh JobNimbus has awhile to go - Not going to lie job nimbus isn’t the best the first app was wayyyyyyyyy better than this one in terms of locating contacts/customers also I have to re login almost every day with the new app it’s getting annoying I’ve moved to mainly using the full website if I’m going to be forced to used it I’d rather have the full version not what feels like a demo of the full version…,2
Curt,US,Stop - Stop Stop Stop Stop Stop Stop Stop Stop Stop Stop Stop Stop Stop Stop Stop Stop Stop Stop Stop Stop Stop Stop Stop Stop Stop Stop Stop Stop Stop Stop Stop Stop Stop Stop Stop Stop Stop Stop Stop Stop Stop Stop Stop Stop Stop Stop Stop Stop Stop Stop Stop Stop Stop Stop Stop Stop Stop Stop Stop Stop Stop Stop Stop Stop Stop Stop Stop Stop Stop Stop Stop Stop Stop Stop Stop Stop Stop Stop Stop Stop Stop Stop Stop Stop Stop Stop Stop Stop Stop Stop Stop Stop Stop Stop Stop Stop Stop Stop Stop Stop Stop Stop Stop Stop Stop Stop Stop Stop Stop Stop Stop Stop Stop Stop Stop Stop Stop Stop Stop Stop Stop Stop Stop Stop Stop Stop Stop Stop Stop Stop Stop Stop Stop Stop Stop Stop Stop Stop Stop Stop Stop Stop Stop Stop Stop Stop Stop Stop Stop Stop Stop Stop Stop Stop Stop Stop Stop Stop Stop Stop Stop Stop Stop Stop Stop Stop Stop Stop Stop Stop Stop Stop Stop Stop Stop Stop Stop Stop Stop Stop,1
Sales,US,Shut down once a while,1
Mark,US,Love this CRM software - Love this CRM software.  works great,5
Gage,US,Quit sending me emails,1
Charles,US,It keeps me on track a day on time.,5
Jim,US,This is a highly effective platform… - This is a highly effective platform that keeps our company well organized. Fantastic software.,5
Generational Roofing Company,US,Amazing! - Amazing! The people at JN are very knowledgeable and always available to assist.  The system is amazing.  You get an onboarding course which takes you through many processes.  I highly recommend this app to anyone in the field.,5
Caroline,US,System has gone down several times this… - System has gone down several times this week.,3
Kaci,US,"Terrible!! - It lags.  It is making my job slow, which is bad for business. The Resource Center and JobNimbus Technical Support are in terrible places.  They prevent me from doing my job efficiently.  If I could give JobNimbus no stars, I would.",1
Rik,US,Drags ALOT - Drags ALOT. Have to log in and out alot,3
Roofing Contractor,US,"All smiles no help - Keep making updates that we dont ask for or want and the software just keeps getting slower and more buggy. Genuinely resent the fact that we re being used as beta testers. If it were not such a monumental task I would be looking into other services. Probably the most disappointing part is when we signed up the Jobnimbus team seemed so helpful but since its been literally nothing but a smiling face as they deflect any issue, suggestion for help or actionable response. No one issue or tip i have asked for has been met with a fix.",2
Jay,BW,Good system but sometimes slow on… - Good system but sometimes slow on loading up.,3
Dwayne,US,Not enough training,2
Torrey,US,constantly down afternoons and cant… - constantly down afternoons and cant load multiple browsers for task management most time,2
Darrell,US,"They don't listen. - There are many things that have been discussed through these reviews and directly with the job nimbus team and nothing has been done about it, the most important short version is don't try to rewrite code use code that is available readily and simplify things.",3
Jorian,US,Very handy - Very handy & It’s easy to get around,5
Tracie,,,4
valued customer,,,5
valued customer,,,3
James,,,3
Robert,US,Thank you - Thank you for everything,5
Luis,HN,working better than beofre.,5
Nick,US,The new app update is terrible for… - The new app update is terrible for displaying customers information to write down without having to go into the edit icon. Can’t stand this.,2
Felicia,US,"Love JobNimbus - Love JobNimbus, great software for our company",5
Matthew,US,I think JobNimbus is a very handy app… - I think JobNimbus is a very handy app for the tracking of Jobs status and keeping organized with work flows. Five stars!!!,5
Daniel,US,"I really wish customer email and… - I really wish customer email and information was more readily available for view. Also, wish there was a more accessible window for adding notes, and seeing previous notes in a singular window / task.",3
Benjamin,US,"Search function is absolutely terrible - Search function is absolutely terrible. If the last name is Johnson, you cannot type joh and all names with “joh” come up. You have to type the full name.",3
Jason,US,"App needs work. - Desktop version works great. The app is clunky. Many times redirects to the previous page, does not save when I hit the save function. The duplicate PO number function needs to have an option to where it creates a different PO with the same information as I have to do with multiple buildings and condos and apartment complexes and having to enter all the information eight times in a row is tedious and inefficient.",3
Matt,US,Pretty good - Like JobNimbus and most of the functionality is solid and works well for our company. Scheduling in the Calendar is a little clunky and could be more intuitive and I can’t believe you can’t set recurring events. I also haven’t found an easy way to schedule follow up tasks. However other than these things I’ve enjoyed using JobNimbus.,3
Thomas,US,Great customer support always available… - Great customer support always available and very informative.,5
valued customer,US,Good Program - Good Program I like this program and being able to work remotely on my phone or tablet as well as at home on a desktop.  The integration of all our clients data is great and the ability to create proposals on site is nice. I think one issue I have is not being able to create a page break on my estimates.  Sometimes my estimates have a price on one page and the description of that price on another.  It's fine but I think for the customer it looks messy and somewhat unprofessional.  It would be nice to be able to create page breaks for a more seamless look and presentation.,4
valued customer,US,Didn’t get a response for technical… - Didn’t get a response for technical support. Just a survey a few days later on how they “supported” me.,1
valued customer,US,what an amazing app!,5
Elmer,US,I have no complaints so far,5
valued customer,US,Lots of bugs to be worked out yet - Lots of bugs to be worked out yet.  Some pros and cons vs our previous CRM.  So far I've found Nimbus to be less user friendly or intuitive than what we were using.  And it takes me longer to accomplish the same tasks.  The best pro is so far is that it is more customizable,2
Teresa,US,"How Job Nimbus uploads Documents and Photos - I dislike that Job Nimbus uploads pictures and documents as it wants too, not as you upload it. That does cause issues with work and sometimes with clients. Even when its by dates to upload it still uploads how ever it wants too. I think we should be able to count on JN to do as we select, we've selected it that way for a reason. Thank you, other than that I think your doing good.",4
Lisa,US,"ALWAYS VERY HELPFUL AND PROMT WITH… - ALWAYS VERY HELPFUL AND PROMT WITH CUSTOMER SERVICE, LOVE LOVE LOVE!  HIGHLY RECCOMMEND, THANK YOU!!!",5
valued customer,US,"it is difficult to find support right… - it is difficult to find support right away the support bot doesn't do much.  then it makes a ticket for you but it takes them 24-48 hours to get back to you and once no one called back.  they need more tech support to assist their customers in a timely manner.   the software is good and i do like it it works well.   but the customer support is not where it should be.  however, when you do get them on the phone they help out very well.",3
valued customer,US,"No customer service - Sends me spammy email, blocks my outgoing when I mark it as spam and assumes its all handled (still not operating) and says it's closed as an issue. You can't fix it if you don't try.",1
valued customer,US,"JobNimbus gets the job done - JobNimbus gets the job done. My only issue is that way it's formatted. I've used other services where everything was RIGHT THERE and easy to navigate to. It's a more modern approach, I suppose. But, that's all. Other than that, it works just fine.",4
Tracie,,,4
valued customer,,,5
valued customer,,,3
James,,,3
valued customer,US,Works great - Works great and easy to use,5
Veronica,US,"AMAZING customer service - AMAZING customer service. Every person I've talked to has always been polite, professional, and quick to resolve my issues. JobNimbus is always open to hearing about more ways they can improve from us, the customer! Growing together makes everything work better.",5
Matt,US,"Excellent software - Excellent software, helps me keep track of all my customers. I honestly don’t know what I woulda do without it.",5
John,US,"We have been very impressed with the team - We have been very impressed with the software & support team/onboarding team. Great program, very helpful.",5
Shane,US,Program is awful all the way around,1
Chris,US,"JobNimbus has literally transformed our… - JobNimbus has literally transformed our business from a six figure to a seven figure roofing company.  It has kept us on task and the more we use it, the more we love it.  It is the single most important step we have ever taken in our business.  Can’t recommendj enough!!!  A++++",5
valued customer,US,"I've used or tried out every CRM out there... - I've used or tried out every CRM out there, JobNimbus is the best. I've been using it for almost 9 years now.",5
Andrea,US,Great help with getting started! - Great help with getting started! I love how user friendly this program is!,5
valued customer,US,Would be very helpful to be able to… - Would be very helpful to be able to print certain reports. Some data entry is not user friendly.,3
valued customer,US,"When I use the chat - When I use the chat, I would expect someone to help me then.  I was only given links that were similar to my problem but did not address the problem specifically.  I then had to have a ticket created to get help.  I sill haven't heard back and it's the next day.  That's super frustrating when you are having problems.",3
Stephanie,US,"While we love the idea of this Platform… - While we love the idea of this Platform and it has helped with keeping our client details…the things that matter most are failing us. We continue to have technical issues on the app with seeing leads and clients notes, function of the app on general, entering a number greater than 10,000 into an estimate as well as several other important daily abilities. I’ve been in contact with jobnimbus almost daily to resolve issues which takes time away from productivity. I understand that updates are happening. But in the moment it’s difficult to run a fast paced, in demand business when systems are failing. Side note: It would be great if there was an ability to text with clients directly through jobnimbus as this would automate more smoothly and reduce third party necessities. As a contracting business we also use jobnimbus for scheduling which works great with automation but a confirmation button would be incredible so that we know the day selected works for our client!",2
Judith Cunningham,US,"I cant imagine my work space without… - I cant imagine my work space without JobNimbus. It's an awesome workplace tool that helps you win, if you grind.",5
valued customer,US,"Tech support requires an appointment or… - Tech support requires an appointment or waiting till the next day. When JobNimbus's software is not working, JobNimbus should be immediately available to fix it. Why should I pay a company whose software stops working?",4
Cory Fieber,US,The search bar lack of search - The search bar needs to be able to search for all fields on the top part of each customer file not just by name or file number.,4
valued customer,US,your program stinks - your program stinks - it is not user friendly and leads verses jobs having more than one entry looks like people are in the system more than one time and notes dont go on the correct entry. Difficult to navigate and pull photos from the system for xactimate - overall I would rate it an expensive 0,1
valued customer,US,I feel like there are way more steps to… - I feel like there are way more steps to go thru for the same result as our old program. It gets very confusing with the multiple contacts that get added for a job. Also Fusion/Simplii phone service has been a real challenge. We keep losing calls or the function to transfer or put calls on hold has not been operating.,3
Angie Willimas,US,JobNimbus is easy to navigate and easy… - JobNimbus is easy to navigate and easy to use!!!!,5
valued customer,US,Would love to have the ability to make… - Would love to have the ability to make it more user friendly for sales and other departments to work with.,3
valued customer,US,I love the system and rate it A- - I love the system and rate it A-.  Only hang up is that there should be a place where you can check your tags.,4
Billy Herndon,US,JobNimbus makes my day to day… - JobNimbus makes my day to day responsibilities easier by organizing all of the jobs and running them through production.,5
Tracie,,,4
valued customer,,,5
valued customer,,,3
James,,,3
Adam,US,They do a great job assisting their… - They do a great job assisting their customers,5
Eric,US,"I honestly feel the app is lackluster… - I honestly feel the app is lackluster at best. The ability to set follow ups and manage my calendar is much easier on other platforms. Also, I'd like the ability to flood my work's outlook calendar to the app. All around, it just needs some fine tuning.",3
Jennifer Gore,US,"We are happy with Job Nimbus - We are happy with Job Nimbus. A few hiccups here and there and some have been fixed over time. Customizable to your business, user friendly, great customer support team for when help is needed.",4
FELIX DIAZ,US,"Very happy with JobNimbus and all of… - Very happy with JobNimbus and all of its features. Contacts workflows and job workflow have really help us manage our jobs. The ability to create automations is really neat, I particularly like it because it made it easier to communicate workflows. Very happy with the software and the features.",5
Kevin,US,Meh... - Pricing jumped from $25 a user to $50 a user. After we had been a member for years. That's a 100% increase in price.. that came along with virtually no announcement. Just saw that our account was gonna be charged double. Was not real amused by that. There's limited integrations. And typical post-covid slow support responce. Went a full day without hearing from them more than one time. Over all it works. It's not the awesome product it was when we first signed up a few years back though. The competition is looking sharp these days...,3
Tony,US,"Our team is functioning and a higher level of efficiency because of your product - I am enjoying the system with so many report options, the ease of communication with the team and I know there are many more features that I haven’t even touched! I also appreciate the way you ask for suggestions and attempt to accommodate Well done!",5
Amber,US,"We were told that we could integrate… - We were told that we could integrate Xactimate and pull our reports created in Xactimate. When we tried to do so, because we already have an Xactimate account. We were told there is a fee and only assignments, not reports could be integrated. Kind of disappointing and misleading.",3
Shawn Smith,US,Very great tool for keeping everything… - Very great tool for keeping everything organized and documented. Wish I would of had it sooner!,5
Said El Mawad,US,Amazing System for Roofing Companies - Amazing System for Roofing Companies. Very convenient and straightforward. Easy to keep track of data as well as very professional way to be organized.,5
Jerome A Lennon,US,I absolutely love the experience makes… - I absolutely love the experience makes my job sooooooo much easier,5
Vincent,MX,"rly think that JobNimbus is a…a Grate tool to work with! - I sincerly think that JobNimbus is a great tool to work with, it´s just a matter of tome to get to kon w how to get the best of ot, at first it's tricky but one's you get it, work very good and is very usseful!",4
Isaac Morris,US,I use JobNimbus daily.. it’s great! - I use JobNimbus daily to manage and organize my leads for my company. JobNimbus status times and information that’s clearly visible to see at first glance is extremely helpful. Thank you to JobNimbus for your service and help with the world of sales. -Isaac M.,5
customer,US,Well I kinda like your product but… - Well I kinda like your product but would like to have training happen sooner. I am barely getting by with my business trying to learn your program by itself.,3
Mike,US,Great progress and well built CRM!,5
Efraim Presser,US,"A+++ - Always helpful and knowledgeable, the support team at JN is second to none.",5
Lisa,US,The calendar - The only thing I would change is the calendar.  I can’t see each entire event on each day and being able to see everything would be helpful.  Everything else is good. —Lisa,4
Office,US,"Great Software - Still working on fully implementing the software, however the team at JobNimbus has been incredibly helpful so far. We are blown away with all the features and customizability. Highly recommend this software.",5
John McPherson,US,Great app - Works great!,5
Terry,US,Review - Nothing to report,5
Nigel,US,"great job! - great job by the team you have, thank you!",5
Tracie,,,4
valued customer,,,5
valued customer,,,3
James,,,3
Logan,US,"Overall this CRM has been an incredible… - Overall this CRM has been an incredible tool for our business. It seamlessly integrates with the other technologies that we use, and and is very user friendly. It's intuitive and customizable. I wish there was a ""notifications"" icon within the software, but I am sure that's in the works.",5
nikki,US,"Job Nimbus is easy to use but we have… - Job Nimbus is easy to use but we have had a ticket open with them for 5 months about our ""Leads"" being over 1000 and we can not see or edit anything over that.",3
Harold,US,It doesn’t work all the time,4
Chris,US,The navigation of Jobnibus is somewhat… - The navigation of Jobnibus is somewhat cumbersome. I prefer the messaging works better with a drop down where you can tag multiple recipients at one time rather that enter the @ sign for each additional recipients and choose the name from the drop box. There is no discernable flow of the project or job.,5
Eric,US,I am enjoying JobNimbus. - I am enjoying JobNimbus. Very good program.,5
Jared,US,Problems with loading documents - Problems with loading documents. And cache not be cleared properly when returning to app.,2
Roger,US,A good hub. - Our company handles a lot of jobs that take 3-4 days to complete.  The jobs involve several contributors and JN is a good platform for keeping us organized so we keep the work moving even when an occasional delay involves moving on to another job while waiting for more information to complete the delayed project.,4
adam,US,The system is great except for view… - The system is great except for view attached files from your phone.,5
Jeremy,US,"I love JobNimbus - I love JobNimbus. I really appreciate all of the clerical work and data that gets compartmentalized So efficiently and productively. I am not sure how I have survived all the years without it. Keep up the good work, nothing but good things here……",5
Parker,US,App needs a lot of work,2
Maggie,US,"Would like to look up clients by policy… - Would like to look up clients by policy number, not just name.",3
Frank,US,Program works good,4
Nick,US,Works great for what we use it for,5
Aaron,US,"Don’t subject your employees to this torture - This app is so glitchy, It’s not very user friendly and quite obviously too many steps to perform single action. I’ve also lost a bunch of jobs over the pictures not uploading which I guess they fixed on the new version but we still have problems. They are lucky they found their niche market, this software is awful. I would’ve left well enough alone as a simple I don’t like the app and never reviewed but the daily message about reviewing the app is extremely annoying.",2
Juan,US,Overall the system is decent but I… - Overall the system is decent but I don't like the app at all. I think the software is very slow at times as well.,4
David,US,"You have taken away functionality when… - You have taken away functionality when it comes to printing.  Despite please for you to fix it, this much needed request has been ignored.  Attention to detail and follow through are sorely missing.",2
Larry,US,"Each contact should be listed according… - Each contact should be listed according to stays. All signed contracts should be in one list, leads in another and prospects in another. It would be nice to send multiple estimates in the same e-mail. The over all layout is pretty terrible.",2
Joe,US,Not happy with the quality of leads - Not happy with the quality of leads. Bath and kitchen remodels need to be the top priority. Pothole and structural repairs.,3
Leah,US,Great software!,5
Adam,US,The app is horrible - The app is horrible.  Unusable,1
Tracie,,,4
valued customer,,,5
valued customer,,,3
James,,,3
Andrew,US,"Good platform - This platform is user friendly and helpful for collaborating with others on my team. Most if not all files (photos, receipts etc) can all be uploaded to this platform.",5
Enrique,US,Peace ✌     you guys - Peace ✌     you guys. R THE best,5
Brad,US,Limited Phone App - Phone app seems choppy at best. I can’t see all my contacts on the phone app and notifications are generalized. Some things are ok like uploading documents isn’t that difficult but would be easier if Nimbus had its own PDF creator. My company seems to like it though for some reason so I’m trying to learn what I can. Any help would be appreciated.,2
ali abbas,GB,The best tool to use,5
Tracie,US,"Job Nimbus - We have been using Job Nimbus for several years now and we really enjoy it. It is user friendly and easy to navigate and manage. The only downside is not being able to see the calendar with everyone's work calendar on one page separated by name. If we were able to see that, it would REALLY benefit the company and use of the calendar. We are having to rely on an outside calendar to view everyone, by name, per day.",4
One Solution,US,I honestly not 100 percent comfortable… - I honestly not 100 percent comfortable with it my offices use is start but i dont think is to  bad i start like it more,4
John,US,"Does not work well with other tool ie… - Does not work well with other tool ie company cam, sumo quote, and lots of issues with hover integration.",2
Kyle- Sharp pro,US,"Love the program as a whole - Love the program as a whole. By using the tasks feature, I can set my mind free while never missing appointments or objectives needed in the process.",5
Shawn,US,1.It needs to be more user friendly - 1.It needs to be more user friendly. 2.No Drag and drop. 3.Acculynx platform much easier to manage 4.More confusing than other CRMs,3
valued customer,US,Chase has extremely good listening and… - Chase has extremely good listening and processing skills - I am so jealous! We do what I am sure is a horrible job explaining our issues and he does an amazing job of brainstorming ways of overcoming our challenges. Every business needs a Chase!,5
Ron,US,"Great system - Great system, fast and intuitive. Ron Mathis PES Solar",5
Wil the Roofer,US,"I like Job Nimbus - The more I use Job Nimbus, the more I enjoy it.",5
Chris Comis,US,"Great Tool Overall - Overall, it’s a great tool. Just needs to be streamlined a little more.",4
Dan,US,its not an easy program to learn very… - its not an easy program to learn very hard to email quote if you miss it the first time,4
Mike,US,It’s logged me out and I don’t have my… - It’s logged me out and I don’t have my password information.,1
Audrey Heaberlin,US,This is more than a CRM this is a… - This is more than a CRM this is a roadmap for success. I love this culture.,5
Andrew,US,Clean & Efficient - My social media that saves and makes me money.,5
Jeff RRR Construction,US,Very user friendly system,5
Tina,US,"Not the best system for a growing and/ or changing company. - My largest complaint is the lack of ease to figure out how to do things when a change needs to be made or a problem occurs.  Once an item for materials is entered, there seems to be no way to delete the (sometimes 10!) duplicates.  Also, the price of materials does increase or decrease with time & inflation.  There appears to be no way to update prices in the system.  Just have to change them in the material order each time.  The links to assist if problems/ concerns like this occur are little to no assistance.  Also, when a job is completed, it should automatically archive after a period of time.  Some customers return to have another job completed after moving to a new location.  This system seems to think it is a duplicate customer & an alteration to the customer name has to be made to ""fool"" the system into believing it is a new customer.",3
Tracy,US,Never used this software before and I… - Never used this software before and I feel that it is helpful because I can track the day-to-day activity of each contact and also upload documents.  This saves time when I am reviewing the file.,5
Tracie,,,4
valued customer,,,5
valued customer,,,3
James,,,3
Dennis,US,JN is simple to use - JN is simple to use ! Keeps us all on the same page at work…,5
AC,US,Excellent!!!,5
Rema,US,I absolutely love this platform for… - I absolutely love this platform for work. It’s fully customizable and does so much leg work on its own.,5
Valerie,US,"Job Nimbus Very Basic but easy for non-technical peeps - Job Nimbus is easy to train and easy to use but some things are very basic. For instance no change order function is in the system. The Report function is so much better now but it confuses people. When you open a document in one users file and get a phone call and have to click out of it to go to another.  Sometimes that document gets hidden and a bar is just there that won't display anything else.  So you have to scroll up to close it out. When you create a contract from an estimate they put the total all the way at the bottom way after the signature pane. There should be a sub-total.  It would be nice for Job Nimbus to have a scheduler encompassed in it so we don't have to use more than one platform. When you click on an Estimate, Invoice, etc. If you have more than one.... you can't just click on the next one to review.  You have to click on the customers name hyperlink and then go back to the start and then click Financials tab and then click on the next estimate, invoice, etc.  You can't stay on the same page.  Kind of Crazy. The benefits is anyone can upload pictures and documents to it.  But needs some updates.",3
Sherrie,US,"Job Nimbus does the organizing for us. - Job Nimbus makes tracking our customer's information, account status, and billing simple. The only suggestion I would make is the option to bold or highlight notes in the ""Activity"" section. This would make locating certain details on the account faster.",5
Derik,US,"Job Nimbus has been a very useful tool - Job Nimbus has been a very useful tool, but I wish you could do more with the app instead of having to be on the computer to use certain functions.",3
Kris,CA,"Terribly Useful, Easy to Navigate - Incredibly useful tool. Allows for diverse needs, kind of a catch-all for everything you could need. Contact between business and clients is recorded, documents can be uploaded, invoices made, payments applied, the board function is very helpful. The search function is fantastic because it not only pulls up every related thing, it shows what type it is (invoice, payment, budget, contact, work/material order, etc.). Also its, super easy to navigate and use. I would highly recommend JobNimbus.",5
J$,US,Far better than accu-links and cheaper… - Far better than accu-links and cheaper as well!,5
Bob,US,Just stop - You keep sending me things about job Nimbus and I don’t use Job Nimbus. I have asked you to remove me from your list and blocked your email address and I’m still getting these annoying emails. Harassment is against the law and these are harassing. I would really appreciate it if you stop sending me these emails. That’s a nice as it’s going to get,1
Paul,US,It's pretty clunky - It's pretty clunky.  I'm not able to extend the link for estimates more than 2 days.  It's difficult to track sales numbers and reset parameters.  The picture loading is abysmal.,2
Tony,US,It’s a good system but a little clunky - It’s a good system buts still pretty clunky and not very efficient to use. The user experience isn’t nice other than it being a useful tool.,4
Julian,US,This program has made my job 10x faster… - This program has made my job 10x faster and more efficient on each individual project as well as the ability to handle multiple projects at once.,5
valued customer,US,Great content - Nice virtual meeting with Rep.  Seems like a good fit.,4
Ian K,US,"User friendly and comprehensive - Great system for managing workflow and customer communications. Highly recommend, especially for businesses looking to streamline their workflow.",4
Anonymous,US,I haven't been using it that long - I haven't been using it that long. I like it so far and think it's a great tool for organization..,4
Pete Haveron,US,"Trying to get the program up and going - Trying to get the program up and going. Lots of questions on how to set it up. I have used the instruction on website and watched U Tube vidieos. My first meeting with Tyler on setting up could have been better. He needs to lelp us set up for a concrete restoration company, not a roofing company. Hping this week meeting will be more productive.",2
valued customer,US,We are very pleased with JobNimbus - We are very pleased with JobNimbus. It has helped us to keep our sales force organized and has many tools that we are looking forward to using in the future.,5
valued customer,US,Bad experience - Training and set up not educational,1
Jenn,US,Good program,5
Home Grown Roofing and Contrac,US,"Grateful - Having all of my business operations available on one platform has been the difference between success and failure this past year. I grew up in a family business and I started doing everything the old school way. In today's market, you either keep up with the technological advances or you get left behind. I'm incredibly grateful for Job Nimbus and will continue to use them for the life of my business.",5
